"","Index","Record_ID","Prior Record_ID","Countryname","Country","Outlook","Date","Prior Date","Count","Prior Count","Flag Change"
"1",1,128441,108681,"Afghanistan","AFG","Overall",2021-07-27,2021-07-22,4.5,4.5,0
"2",8,128448,108688,"Afghanistan","AFG","Underlying",2021-07-27,2021-07-22,3.5,3.5,0
"3",22,128462,108702,"Afghanistan","AFG","Emerging",2021-07-27,2021-07-22,3,3.5,-0.5
"4",53,128493,108733,"Angola","AGO","Overall",2021-07-27,2021-07-22,4,4,0
"5",60,128500,108740,"Angola","AGO","Underlying",2021-07-27,2021-07-22,2.5,2.5,0
"6",74,128514,108754,"Angola","AGO","Emerging",2021-07-27,2021-07-22,3,3,0
"7",105,128545,108785,"Albania","ALB","Overall",2021-07-27,2021-07-22,1.5,1.5,0
"8",112,128552,108792,"Albania","ALB","Underlying",2021-07-27,2021-07-22,0.5,0.5,0
"9",126,128566,108806,"Albania","ALB","Emerging",2021-07-27,2021-07-22,2,2,0
"10",157,128597,108837,"United Arab Emirates","ARE","Overall",2021-07-27,2021-07-22,0.5,0.5,0
"11",164,128604,108844,"United Arab Emirates","ARE","Underlying",2021-07-27,2021-07-22,0,0,0
"12",178,128618,108858,"United Arab Emirates","ARE","Emerging",2021-07-27,2021-07-22,1.5,1.5,0
"13",209,128649,108889,"Argentina","ARG","Overall",2021-07-27,2021-07-22,1.5,1.5,0
"14",216,128656,108896,"Argentina","ARG","Underlying",2021-07-27,2021-07-22,1,1,0
"15",230,128670,108910,"Argentina","ARG","Emerging",2021-07-27,2021-07-22,3,3,0
"16",261,128701,108941,"Armenia","ARM","Overall",2021-07-27,2021-07-22,0.5,0.5,0
"17",268,128708,108948,"Armenia","ARM","Underlying",2021-07-27,2021-07-22,0,0,0
"18",282,128722,108962,"Armenia","ARM","Emerging",2021-07-27,2021-07-22,1,1,0
"19",313,128753,108993,"Antigua and Barbuda","ATG","Overall",2021-07-27,2021-07-22,0,0,0
"20",320,128760,109000,"Antigua and Barbuda","ATG","Underlying",2021-07-27,2021-07-22,0.5,0.5,0
"21",334,128774,109014,"Antigua and Barbuda","ATG","Emerging",2021-07-27,2021-07-22,0,0,0
"22",365,128805,109045,"Australia","AUS","Overall",2021-07-27,2021-07-22,0,0,0
"23",372,128812,109052,"Australia","AUS","Underlying",2021-07-27,2021-07-22,0,0,0
"24",386,128826,109066,"Australia","AUS","Emerging",2021-07-27,2021-07-22,1.5,0.5,1
"25",417,128857,109097,"Austria","AUT","Overall",2021-07-27,2021-07-22,0.5,0.5,0
"26",424,128864,109104,"Austria","AUT","Underlying",2021-07-27,2021-07-22,0,0,0
"27",438,128878,109118,"Austria","AUT","Emerging",2021-07-27,2021-07-22,1.5,1.5,0
"28",469,128909,109149,"Azerbaijan","AZE","Overall",2021-07-27,2021-07-22,2.5,2.5,0
"29",476,128916,109156,"Azerbaijan","AZE","Underlying",2021-07-27,2021-07-22,1,1,0
"30",490,128930,109170,"Azerbaijan","AZE","Emerging",2021-07-27,2021-07-22,2.5,2.5,0
"31",521,128961,109201,"Burundi","BDI","Overall",2021-07-27,2021-07-22,4.5,4.5,0
"32",528,128968,109208,"Burundi","BDI","Underlying",2021-07-27,2021-07-22,4.5,4.5,0
"33",542,128982,109222,"Burundi","BDI","Emerging",2021-07-27,2021-07-22,2,2,0
"34",573,129013,109253,"Belgium","BEL","Overall",2021-07-27,2021-07-22,0,0,0
"35",580,129020,109260,"Belgium","BEL","Underlying",2021-07-27,2021-07-22,0,0,0
"36",594,129034,109274,"Belgium","BEL","Emerging",2021-07-27,2021-07-22,2,2,0
"37",625,129065,109305,"Benin","BEN","Overall",2021-07-27,2021-07-22,2,2,0
"38",632,129072,109312,"Benin","BEN","Underlying",2021-07-27,2021-07-22,1.5,1.5,0
"39",646,129086,109326,"Benin","BEN","Emerging",2021-07-27,2021-07-22,2.5,2,0.5
"40",677,129117,109357,"Burkina Faso","BFA","Overall",2021-07-27,2021-07-22,4,4,0
"41",684,129124,109364,"Burkina Faso","BFA","Underlying",2021-07-27,2021-07-22,3,3,0
"42",698,129138,109378,"Burkina Faso","BFA","Emerging",2021-07-27,2021-07-22,2.5,2.5,0
"43",729,129169,109409,"Bangladesh","BGD","Overall",2021-07-27,2021-07-22,2.5,2.5,0
"44",736,129176,109416,"Bangladesh","BGD","Underlying",2021-07-27,2021-07-22,2,2,0
"45",750,129190,109430,"Bangladesh","BGD","Emerging",2021-07-27,2021-07-22,2.5,2.5,0
"46",781,129221,109461,"Bulgaria","BGR","Overall",2021-07-27,2021-07-22,0.5,0.5,0
"47",788,129228,109468,"Bulgaria","BGR","Underlying",2021-07-27,2021-07-22,0,0,0
"48",802,129242,109482,"Bulgaria","BGR","Emerging",2021-07-27,2021-07-22,0.5,0.5,0
"49",833,129273,109513,"Bahrain","BHR","Overall",2021-07-27,2021-07-22,2,2,0
"50",840,129280,109520,"Bahrain","BHR","Underlying",2021-07-27,2021-07-22,0,0,0
"51",854,129294,109534,"Bahrain","BHR","Emerging",2021-07-27,2021-07-22,1.5,1.5,0
"52",885,129325,109565,"Bahamas","BHS","Overall",2021-07-27,2021-07-22,1.5,1.5,0
"53",892,129332,109572,"Bahamas","BHS","Underlying",2021-07-27,2021-07-22,0.5,0.5,0
"54",906,129346,109586,"Bahamas","BHS","Emerging",2021-07-27,2021-07-22,2,2,0
"55",937,129377,109617,"Bosnia and Herzegovina","BIH","Overall",2021-07-27,2021-07-22,2,2,0
"56",944,129384,109624,"Bosnia and Herzegovina","BIH","Underlying",2021-07-27,2021-07-22,0,0,0
"57",958,129398,109638,"Bosnia and Herzegovina","BIH","Emerging",2021-07-27,2021-07-22,3,3,0
"58",989,129429,109669,"Belarus","BLR","Overall",2021-07-27,2021-07-22,1.5,1.5,0
"59",996,129436,109676,"Belarus","BLR","Underlying",2021-07-27,2021-07-22,0.5,0.5,0
"60",1010,129450,109690,"Belarus","BLR","Emerging",2021-07-27,2021-07-22,1.5,1.5,0
"61",1041,129481,109721,"Belize","BLZ","Overall",2021-07-27,2021-07-22,1,2,-1
"62",1048,129488,109728,"Belize","BLZ","Underlying",2021-07-27,2021-07-22,1,1,0
"63",1062,129502,109742,"Belize","BLZ","Emerging",2021-07-27,2021-07-22,1.5,2,-0.5
"64",1093,129533,109773,"Bolivia","BOL","Overall",2021-07-27,2021-07-22,2.5,2.5,0
"65",1100,129540,109780,"Bolivia","BOL","Underlying",2021-07-27,2021-07-22,1,1,0
"66",1114,129554,109794,"Bolivia","BOL","Emerging",2021-07-27,2021-07-22,2,2,0
"67",1145,129585,109825,"Brazil","BRA","Overall",2021-07-27,2021-07-22,2,2,0
"68",1152,129592,109832,"Brazil","BRA","Underlying",2021-07-27,2021-07-22,0,0,0
"69",1166,129606,109846,"Brazil","BRA","Emerging",2021-07-27,2021-07-22,2.5,2.5,0
"70",1197,129637,109877,"Barbados","BRB","Overall",2021-07-27,2021-07-22,2,2,0
"71",1204,129644,109884,"Barbados","BRB","Underlying",2021-07-27,2021-07-22,0.5,0.5,0
"72",1218,129658,109898,"Barbados","BRB","Emerging",2021-07-27,2021-07-22,1.5,1.5,0
"73",1249,129689,109929,"Brunei Darussalam","BRN","Overall",2021-07-27,2021-07-22,0.5,0.5,0
"74",1256,129696,109936,"Brunei Darussalam","BRN","Underlying",2021-07-27,2021-07-22,0.5,0.5,0
"75",1270,129710,109950,"Brunei Darussalam","BRN","Emerging",2021-07-27,2021-07-22,1,1,0
"76",1301,129741,109981,"Bhutan","BTN","Overall",2021-07-27,2021-07-22,2,2,0
"77",1308,129748,109988,"Bhutan","BTN","Underlying",2021-07-27,2021-07-22,0.5,0.5,0
"78",1322,129762,110002,"Bhutan","BTN","Emerging",2021-07-27,2021-07-22,1.5,1.5,0
"79",1353,129793,110033,"Botswana","BWA","Overall",2021-07-27,2021-07-22,2,2,0
"80",1360,129800,110040,"Botswana","BWA","Underlying",2021-07-27,2021-07-22,0.5,0.5,0
"81",1374,129814,110054,"Botswana","BWA","Emerging",2021-07-27,2021-07-22,2,2,0
"82",1405,129845,110085,"Central African Republic","CAF","Overall",2021-07-27,2021-07-22,5,5,0
"83",1412,129852,110092,"Central African Republic","CAF","Underlying",2021-07-27,2021-07-22,4,4,0
"84",1426,129866,110106,"Central African Republic","CAF","Emerging",2021-07-27,2021-07-22,3.5,3.5,0
"85",1457,129897,110137,"Canada","CAN","Overall",2021-07-27,2021-07-22,0,0,0
"86",1464,129904,110144,"Canada","CAN","Underlying",2021-07-27,2021-07-22,0,0,0
"87",1478,129918,110158,"Canada","CAN","Emerging",2021-07-27,2021-07-22,1.5,1.5,0
"88",1509,129949,110189,"Switzerland","CHE","Overall",2021-07-27,2021-07-22,0,0,0
"89",1516,129956,110196,"Switzerland","CHE","Underlying",2021-07-27,2021-07-22,0,0,0
"90",1530,129970,110210,"Switzerland","CHE","Emerging",2021-07-27,2021-07-22,1.5,1.5,0
"91",1561,130001,110241,"Chile","CHL","Overall",2021-07-27,2021-07-22,1,1,0
"92",1568,130008,110248,"Chile","CHL","Underlying",2021-07-27,2021-07-22,0.5,0.5,0
"93",1582,130022,110262,"Chile","CHL","Emerging",2021-07-27,2021-07-22,2,2,0
"94",1613,130053,110293,"China","CHN","Overall",2021-07-27,2021-07-22,1,1,0
"95",1620,130060,110300,"China","CHN","Underlying",2021-07-27,2021-07-22,1,1,0
"96",1634,130074,110314,"China","CHN","Emerging",2021-07-27,2021-07-22,1.5,1.5,0
"97",1665,130105,110345,"Côte d'Ivoire","CIV","Overall",2021-07-27,2021-07-22,3,3,0
"98",1672,130112,110352,"Côte d'Ivoire","CIV","Underlying",2021-07-27,2021-07-22,1.5,1.5,0
"99",1686,130126,110366,"Côte d'Ivoire","CIV","Emerging",2021-07-27,2021-07-22,1.5,1.5,0
"100",1717,130157,110397,"Cameroon","CMR","Overall",2021-07-27,2021-07-22,4.5,4.5,0
"101",1724,130164,110404,"Cameroon","CMR","Underlying",2021-07-27,2021-07-22,2.5,2.5,0
"102",1738,130178,110418,"Cameroon","CMR","Emerging",2021-07-27,2021-07-22,3,3,0
"103",1769,130209,110449,"Congo DR","COD","Overall",2021-07-27,2021-07-22,5,5,0
"104",1776,130216,110456,"Congo DR","COD","Underlying",2021-07-27,2021-07-22,4.5,4.5,0
"105",1790,130230,110470,"Congo DR","COD","Emerging",2021-07-27,2021-07-22,4.5,4.5,0
"106",1821,130261,110501,"Congo","COG","Overall",2021-07-27,2021-07-22,4,4,0
"107",1828,130268,110508,"Congo","COG","Underlying",2021-07-27,2021-07-22,3.5,3.5,0
"108",1842,130282,110522,"Congo","COG","Emerging",2021-07-27,2021-07-22,3.5,3.5,0
"109",1873,130313,110553,"Colombia","COL","Overall",2021-07-27,2021-07-22,3.5,3.5,0
"110",1880,130320,110560,"Colombia","COL","Underlying",2021-07-27,2021-07-22,0.5,0.5,0
"111",1894,130334,110574,"Colombia","COL","Emerging",2021-07-27,2021-07-22,3.5,3.5,0
"112",1925,130365,110605,"Comoros","COM","Overall",2021-07-27,2021-07-22,0.5,0.5,0
"113",1932,130372,110612,"Comoros","COM","Underlying",2021-07-27,2021-07-22,3,3,0
"114",1946,130386,110626,"Comoros","COM","Emerging",2021-07-27,2021-07-22,0,0,0
"115",1977,130417,110657,"Cabo Verde","CPV","Overall",2021-07-27,2021-07-22,2,2,0
"116",1984,130424,110664,"Cabo Verde","CPV","Underlying",2021-07-27,2021-07-22,0.5,0.5,0
"117",1998,130438,110678,"Cabo Verde","CPV","Emerging",2021-07-27,2021-07-22,1,1,0
"118",2029,130469,110709,"Costa Rica","CRI","Overall",2021-07-27,2021-07-22,2,2.5,-0.5
"119",2036,130476,110716,"Costa Rica","CRI","Underlying",2021-07-27,2021-07-22,0.5,0.5,0
"120",2050,130490,110730,"Costa Rica","CRI","Emerging",2021-07-27,2021-07-22,2,2.5,-0.5
"121",2081,130521,110761,"Cuba","CUB","Overall",2021-07-27,2021-07-22,2,2,0
"122",2088,130528,110768,"Cuba","CUB","Underlying",2021-07-27,2021-07-22,1.5,1.5,0
"123",2102,130542,110782,"Cuba","CUB","Emerging",2021-07-27,2021-07-22,2,2,0
"124",2133,130573,110813,"Cyprus","CYP","Overall",2021-07-27,2021-07-22,1,1,0
"125",2140,130580,110820,"Cyprus","CYP","Underlying",2021-07-27,2021-07-22,0,0,0
"126",2154,130594,110834,"Cyprus","CYP","Emerging",2021-07-27,2021-07-22,1,1,0
"127",2185,130625,110865,"Czech Republic","CZE","Overall",2021-07-27,2021-07-22,0.5,0.5,0
"128",2192,130632,110872,"Czech Republic","CZE","Underlying",2021-07-27,2021-07-22,0,0,0
"129",2206,130646,110886,"Czech Republic","CZE","Emerging",2021-07-27,2021-07-22,1.5,1.5,0
"130",2237,130677,110917,"Germany","DEU","Overall",2021-07-27,2021-07-22,0,0,0
"131",2244,130684,110924,"Germany","DEU","Underlying",2021-07-27,2021-07-22,0,0,0
"132",2258,130698,110938,"Germany","DEU","Emerging",2021-07-27,2021-07-22,0.5,0,0.5
"133",2289,130729,110969,"Djibouti","DJI","Overall",2021-07-27,2021-07-22,2,2,0
"134",2296,130736,110976,"Djibouti","DJI","Underlying",2021-07-27,2021-07-22,2,2,0
"135",2310,130750,110990,"Djibouti","DJI","Emerging",2021-07-27,2021-07-22,0,0,0
"136",2341,130781,111021,"Dominica","DMA","Overall",2021-07-27,2021-07-22,1,1,0
"137",2348,130788,111028,"Dominica","DMA","Underlying",2021-07-27,2021-07-22,0.5,0.5,0
"138",2362,130802,111042,"Dominica","DMA","Emerging",2021-07-27,2021-07-22,0,0,0
"139",2393,130833,111073,"Denmark","DNK","Overall",2021-07-27,2021-07-22,0,0,0
"140",2400,130840,111080,"Denmark","DNK","Underlying",2021-07-27,2021-07-22,0,0,0
"141",2414,130854,111094,"Denmark","DNK","Emerging",2021-07-27,2021-07-22,0.5,1.5,-1
"142",2445,130885,111125,"Dominican Republic","DOM","Overall",2021-07-27,2021-07-22,1.5,1.5,0
"143",2452,130892,111132,"Dominican Republic","DOM","Underlying",2021-07-27,2021-07-22,0.5,0.5,0
"144",2466,130906,111146,"Dominican Republic","DOM","Emerging",2021-07-27,2021-07-22,1,1,0
"145",2497,130937,111177,"Algeria","DZA","Overall",2021-07-27,2021-07-22,2.5,2.5,0
"146",2504,130944,111184,"Algeria","DZA","Underlying",2021-07-27,2021-07-22,1,1,0
"147",2518,130958,111198,"Algeria","DZA","Emerging",2021-07-27,2021-07-22,1,1.5,-0.5
"148",2549,130989,111229,"Ecuador","ECU","Overall",2021-07-27,2021-07-22,3,3,0
"149",2556,130996,111236,"Ecuador","ECU","Underlying",2021-07-27,2021-07-22,0.5,0.5,0
"150",2570,131010,111250,"Ecuador","ECU","Emerging",2021-07-27,2021-07-22,3,3.5,-0.5
"151",2601,131041,111281,"Egypt","EGY","Overall",2021-07-27,2021-07-22,2,2,0
"152",2608,131048,111288,"Egypt","EGY","Underlying",2021-07-27,2021-07-22,0,0,0
"153",2622,131062,111302,"Egypt","EGY","Emerging",2021-07-27,2021-07-22,1.5,1.5,0
"154",2653,131093,111333,"Eritrea","ERI","Overall",2021-07-27,2021-07-22,2,2,0
"155",2660,131100,111340,"Eritrea","ERI","Underlying",2021-07-27,2021-07-22,3.5,3.5,0
"156",2674,131114,111354,"Eritrea","ERI","Emerging",2021-07-27,2021-07-22,0.5,0.5,0
"157",2705,131145,111385,"Spain","ESP","Overall",2021-07-27,2021-07-22,0,0,0
"158",2712,131152,111392,"Spain","ESP","Underlying",2021-07-27,2021-07-22,0,0,0
"159",2726,131166,111406,"Spain","ESP","Emerging",2021-07-27,2021-07-22,2,2,0
"160",2757,131197,111437,"Estonia","EST","Overall",2021-07-27,2021-07-22,0.5,0.5,0
"161",2764,131204,111444,"Estonia","EST","Underlying",2021-07-27,2021-07-22,0,0,0
"162",2778,131218,111458,"Estonia","EST","Emerging",2021-07-27,2021-07-22,2,2,0
"163",2809,131249,111489,"Ethiopia","ETH","Overall",2021-07-27,2021-07-22,5,5,0
"164",2816,131256,111496,"Ethiopia","ETH","Underlying",2021-07-27,2021-07-22,3.5,3.5,0
"165",2830,131270,111510,"Ethiopia","ETH","Emerging",2021-07-27,2021-07-22,2.5,2.5,0
"166",2861,131301,111541,"Finland","FIN","Overall",2021-07-27,2021-07-22,0,0,0
"167",2868,131308,111548,"Finland","FIN","Underlying",2021-07-27,2021-07-22,0,0,0
"168",2882,131322,111562,"Finland","FIN","Emerging",2021-07-27,2021-07-22,1.5,1.5,0
"169",2913,131353,111593,"Fiji","FJI","Overall",2021-07-27,2021-07-22,1.5,1.5,0
"170",2920,131360,111600,"Fiji","FJI","Underlying",2021-07-27,2021-07-22,0.5,0.5,0
"171",2934,131374,111614,"Fiji","FJI","Emerging",2021-07-27,2021-07-22,2,2,0
"172",2965,131405,111645,"France","FRA","Overall",2021-07-27,2021-07-22,0.5,0.5,0
"173",2972,131412,111652,"France","FRA","Underlying",2021-07-27,2021-07-22,0,0,0
"174",2986,131426,111666,"France","FRA","Emerging",2021-07-27,2021-07-22,1.5,1.5,0
"175",3017,131457,111697,"Micronesia","FSM","Overall",2021-07-27,2021-07-22,0.5,0.5,0
"176",3024,131464,111704,"Micronesia","FSM","Underlying",2021-07-27,2021-07-22,1.5,1.5,0
"177",3038,131478,111718,"Micronesia","FSM","Emerging",2021-07-27,2021-07-22,0.5,0.5,0
"178",3069,131509,111749,"Gabon","GAB","Overall",2021-07-27,2021-07-22,2,2,0
"179",3076,131516,111756,"Gabon","GAB","Underlying",2021-07-27,2021-07-22,1,1,0
"180",3090,131530,111770,"Gabon","GAB","Emerging",2021-07-27,2021-07-22,1,1,0
"181",3121,131561,111801,"United Kingdom","GBR","Overall",2021-07-27,2021-07-22,0,0,0
"182",3128,131568,111808,"United Kingdom","GBR","Underlying",2021-07-27,2021-07-22,0,0,0
"183",3142,131582,111822,"United Kingdom","GBR","Emerging",2021-07-27,2021-07-22,2,2,0
"184",3173,131613,111853,"Georgia","GEO","Overall",2021-07-27,2021-07-22,1.5,1.5,0
"185",3180,131620,111860,"Georgia","GEO","Underlying",2021-07-27,2021-07-22,0,0,0
"186",3194,131634,111874,"Georgia","GEO","Emerging",2021-07-27,2021-07-22,3,3,0
"187",3225,131665,111905,"Ghana","GHA","Overall",2021-07-27,2021-07-22,3,3,0
"188",3232,131672,111912,"Ghana","GHA","Underlying",2021-07-27,2021-07-22,1,1,0
"189",3246,131686,111926,"Ghana","GHA","Emerging",2021-07-27,2021-07-22,3.5,3.5,0
"190",3277,131717,111957,"Guinea","GIN","Overall",2021-07-27,2021-07-22,3.5,3.5,0
"191",3284,131724,111964,"Guinea","GIN","Underlying",2021-07-27,2021-07-22,2.5,2.5,0
"192",3298,131738,111978,"Guinea","GIN","Emerging",2021-07-27,2021-07-22,1.5,1.5,0
"193",3329,131769,112009,"Gambia","GMB","Overall",2021-07-27,2021-07-22,3.5,3.5,0
"194",3336,131776,112016,"Gambia","GMB","Underlying",2021-07-27,2021-07-22,2,2,0
"195",3350,131790,112030,"Gambia","GMB","Emerging",2021-07-27,2021-07-22,2.5,2.5,0
"196",3381,131821,112061,"Guinea-Bissau","GNB","Overall",2021-07-27,2021-07-22,2,2,0
"197",3388,131828,112068,"Guinea-Bissau","GNB","Underlying",2021-07-27,2021-07-22,3,3,0
"198",3402,131842,112082,"Guinea-Bissau","GNB","Emerging",2021-07-27,2021-07-22,1.5,1.5,0
"199",3433,131873,112113,"Equatorial Guinea","GNQ","Overall",2021-07-27,2021-07-22,1.5,1.5,0
"200",3440,131880,112120,"Equatorial Guinea","GNQ","Underlying",2021-07-27,2021-07-22,1.5,1.5,0
"201",3454,131894,112134,"Equatorial Guinea","GNQ","Emerging",2021-07-27,2021-07-22,0,0,0
"202",3485,131925,112165,"Greece","GRC","Overall",2021-07-27,2021-07-22,1,1,0
"203",3492,131932,112172,"Greece","GRC","Underlying",2021-07-27,2021-07-22,0.5,0.5,0
"204",3506,131946,112186,"Greece","GRC","Emerging",2021-07-27,2021-07-22,1.5,1.5,0
"205",3537,131977,112217,"Grenada","GRD","Overall",2021-07-27,2021-07-22,0,0,0
"206",3544,131984,112224,"Grenada","GRD","Underlying",2021-07-27,2021-07-22,0.5,0.5,0
"207",3558,131998,112238,"Grenada","GRD","Emerging",2021-07-27,2021-07-22,0,0,0
"208",3589,132029,112269,"Guatemala","GTM","Overall",2021-07-27,2021-07-22,3,3,0
"209",3596,132036,112276,"Guatemala","GTM","Underlying",2021-07-27,2021-07-22,1.5,1.5,0
"210",3610,132050,112290,"Guatemala","GTM","Emerging",2021-07-27,2021-07-22,1.5,1.5,0
"211",3641,132081,112321,"Guyana","GUY","Overall",2021-07-27,2021-07-22,1.5,1,0.5
"212",3648,132088,112328,"Guyana","GUY","Underlying",2021-07-27,2021-07-22,0.5,0.5,0
"213",3662,132102,112342,"Guyana","GUY","Emerging",2021-07-27,2021-07-22,0.5,0.5,0
"214",3693,132133,112373,"Honduras","HND","Overall",2021-07-27,2021-07-22,2.5,2.5,0
"215",3700,132140,112380,"Honduras","HND","Underlying",2021-07-27,2021-07-22,1.5,1.5,0
"216",3714,132154,112394,"Honduras","HND","Emerging",2021-07-27,2021-07-22,2,2,0
"217",3745,132185,112425,"Croatia","HRV","Overall",2021-07-27,2021-07-22,0.5,0.5,0
"218",3752,132192,112432,"Croatia","HRV","Underlying",2021-07-27,2021-07-22,0,0,0
"219",3766,132206,112446,"Croatia","HRV","Emerging",2021-07-27,2021-07-22,2,2,0
"220",3797,132237,112477,"Haiti","HTI","Overall",2021-07-27,2021-07-22,4,4,0
"221",3804,132244,112484,"Haiti","HTI","Underlying",2021-07-27,2021-07-22,5,5,0
"222",3818,132258,112498,"Haiti","HTI","Emerging",2021-07-27,2021-07-22,3,3,0
"223",3849,132289,112529,"Hungary","HUN","Overall",2021-07-27,2021-07-22,0.5,0.5,0
"224",3856,132296,112536,"Hungary","HUN","Underlying",2021-07-27,2021-07-22,0,0,0
"225",3870,132310,112550,"Hungary","HUN","Emerging",2021-07-27,2021-07-22,1,1,0
"226",3901,132341,112581,"Indonesia","IDN","Overall",2021-07-27,2021-07-22,2.5,2.5,0
"227",3908,132348,112588,"Indonesia","IDN","Underlying",2021-07-27,2021-07-22,1,1,0
"228",3922,132362,112602,"Indonesia","IDN","Emerging",2021-07-27,2021-07-22,1.5,1,0.5
"229",3953,132393,112633,"India","IND","Overall",2021-07-27,2021-07-22,1.5,1.5,0
"230",3960,132400,112640,"India","IND","Underlying",2021-07-27,2021-07-22,1.5,1.5,0
"231",3974,132414,112654,"India","IND","Emerging",2021-07-27,2021-07-22,0.5,0.5,0
"232",4005,132445,112685,"Ireland","IRL","Overall",2021-07-27,2021-07-22,0.5,0,0.5
"233",4012,132452,112692,"Ireland","IRL","Underlying",2021-07-27,2021-07-22,0,0,0
"234",4026,132466,112706,"Ireland","IRL","Emerging",2021-07-27,2021-07-22,2.5,2,0.5
"235",4057,132497,112737,"Iran","IRN","Overall",2021-07-27,2021-07-22,3,3,0
"236",4064,132504,112744,"Iran","IRN","Underlying",2021-07-27,2021-07-22,1.5,1.5,0
"237",4078,132518,112758,"Iran","IRN","Emerging",2021-07-27,2021-07-22,3,3,0
"238",4109,132549,112789,"Iraq","IRQ","Overall",2021-07-27,2021-07-22,3,3,0
"239",4116,132556,112796,"Iraq","IRQ","Underlying",2021-07-27,2021-07-22,2.5,2.5,0
"240",4130,132570,112810,"Iraq","IRQ","Emerging",2021-07-27,2021-07-22,2,2,0
"241",4161,132601,112841,"Iceland","ISL","Overall",2021-07-27,2021-07-22,0.5,0,0.5
"242",4168,132608,112848,"Iceland","ISL","Underlying",2021-07-27,2021-07-22,0,0,0
"243",4182,132622,112862,"Iceland","ISL","Emerging",2021-07-27,2021-07-22,1,0.5,0.5
"244",4213,132653,112893,"Israel","ISR","Overall",2021-07-27,2021-07-22,0.5,0.5,0
"245",4220,132660,112900,"Israel","ISR","Underlying",2021-07-27,2021-07-22,0,0,0
"246",4234,132674,112914,"Israel","ISR","Emerging",2021-07-27,2021-07-22,2.5,2.5,0
"247",4265,132705,112945,"Italy","ITA","Overall",2021-07-27,2021-07-22,1,1,0
"248",4272,132712,112952,"Italy","ITA","Underlying",2021-07-27,2021-07-22,0,0,0
"249",4286,132726,112966,"Italy","ITA","Emerging",2021-07-27,2021-07-22,2.5,2.5,0
"250",4317,132757,112997,"Jamaica","JAM","Overall",2021-07-27,2021-07-22,1,0.5,0.5
"251",4324,132764,113004,"Jamaica","JAM","Underlying",2021-07-27,2021-07-22,1,1,0
"252",4338,132778,113018,"Jamaica","JAM","Emerging",2021-07-27,2021-07-22,0,0,0
"253",4369,132809,113049,"Jordan","JOR","Overall",2021-07-27,2021-07-22,2,2,0
"254",4376,132816,113056,"Jordan","JOR","Underlying",2021-07-27,2021-07-22,0,0,0
"255",4390,132830,113070,"Jordan","JOR","Emerging",2021-07-27,2021-07-22,2,2,0
"256",4421,132861,113101,"Japan","JPN","Overall",2021-07-27,2021-07-22,0,0,0
"257",4428,132868,113108,"Japan","JPN","Underlying",2021-07-27,2021-07-22,1,1,0
"258",4442,132882,113122,"Japan","JPN","Emerging",2021-07-27,2021-07-22,0.5,0,0.5
"259",4473,132913,113153,"Kazakhstan","KAZ","Overall",2021-07-27,2021-07-22,2,2,0
"260",4480,132920,113160,"Kazakhstan","KAZ","Underlying",2021-07-27,2021-07-22,0,0,0
"261",4494,132934,113174,"Kazakhstan","KAZ","Emerging",2021-07-27,2021-07-22,2,2,0
"262",4525,132965,113205,"Kenya","KEN","Overall",2021-07-27,2021-07-22,5,5,0
"263",4532,132972,113212,"Kenya","KEN","Underlying",2021-07-27,2021-07-22,2.5,2.5,0
"264",4546,132986,113226,"Kenya","KEN","Emerging",2021-07-27,2021-07-22,5,5,0
"265",4577,133017,113257,"Kyrgyzstan","KGZ","Overall",2021-07-27,2021-07-22,0.5,0.5,0
"266",4584,133024,113264,"Kyrgyzstan","KGZ","Underlying",2021-07-27,2021-07-22,0,0,0
"267",4598,133038,113278,"Kyrgyzstan","KGZ","Emerging",2021-07-27,2021-07-22,1,1.5,-0.5
"268",4629,133069,113309,"Cambodia","KHM","Overall",2021-07-27,2021-07-22,0.5,0.5,0
"269",4636,133076,113316,"Cambodia","KHM","Underlying",2021-07-27,2021-07-22,2,2,0
"270",4650,133090,113330,"Cambodia","KHM","Emerging",2021-07-27,2021-07-22,1,1,0
"271",4681,133121,113361,"Kiribati","KIR","Overall",2021-07-27,2021-07-22,1.5,1.5,0
"272",4688,133128,113368,"Kiribati","KIR","Underlying",2021-07-27,2021-07-22,2.5,2.5,0
"273",4702,133142,113382,"Kiribati","KIR","Emerging",2021-07-27,2021-07-22,1,1,0
"274",4733,133173,113413,"Saint Kitts and Nevis","KNA","Overall",2021-07-27,2021-07-22,0,0,0
"275",4740,133180,113420,"Saint Kitts and Nevis","KNA","Underlying",2021-07-27,2021-07-22,0.5,0.5,0
"276",4754,133194,113434,"Saint Kitts and Nevis","KNA","Emerging",2021-07-27,2021-07-22,0,0,0
"277",4785,133225,113465,"Korea Republic of","KOR","Overall",2021-07-27,2021-07-22,0.5,1,-0.5
"278",4792,133232,113472,"Korea Republic of","KOR","Underlying",2021-07-27,2021-07-22,1.5,1.5,0
"279",4806,133246,113486,"Korea Republic of","KOR","Emerging",2021-07-27,2021-07-22,0,0,0
"280",4837,133277,113517,"Kuwait","KWT","Overall",2021-07-27,2021-07-22,0.5,0.5,0
"281",4844,133284,113524,"Kuwait","KWT","Underlying",2021-07-27,2021-07-22,0,0,0
"282",4858,133298,113538,"Kuwait","KWT","Emerging",2021-07-27,2021-07-22,0.5,1,-0.5
"283",4889,133329,113569,"Lao PDR","LAO","Overall",2021-07-27,2021-07-22,1.5,1.5,0
"284",4896,133336,113576,"Lao PDR","LAO","Underlying",2021-07-27,2021-07-22,1,1,0
"285",4910,133350,113590,"Lao PDR","LAO","Emerging",2021-07-27,2021-07-22,0.5,0.5,0
"286",4941,133381,113621,"Lebanon","LBN","Overall",2021-07-27,2021-07-22,5,5,0
"287",4948,133388,113628,"Lebanon","LBN","Underlying",2021-07-27,2021-07-22,3,3,0
"288",4962,133402,113642,"Lebanon","LBN","Emerging",2021-07-27,2021-07-22,3.5,3.5,0
"289",4993,133433,113673,"Liberia","LBR","Overall",2021-07-27,2021-07-22,3.5,3.5,0
"290",5000,133440,113680,"Liberia","LBR","Underlying",2021-07-27,2021-07-22,3,3,0
"291",5014,133454,113694,"Liberia","LBR","Emerging",2021-07-27,2021-07-22,2,2,0
"292",5045,133485,113725,"Libya","LBY","Overall",2021-07-27,2021-07-22,3,3,0
"293",5052,133492,113732,"Libya","LBY","Underlying",2021-07-27,2021-07-22,2,2,0
"294",5066,133506,113746,"Libya","LBY","Emerging",2021-07-27,2021-07-22,2.5,2.5,0
"295",5097,133537,113777,"Saint Lucia","LCA","Overall",2021-07-27,2021-07-22,0.5,1.5,-1
"296",5104,133544,113784,"Saint Lucia","LCA","Underlying",2021-07-27,2021-07-22,0,0,0
"297",5118,133558,113798,"Saint Lucia","LCA","Emerging",2021-07-27,2021-07-22,0,0.5,-0.5
"298",5149,133589,113829,"Liechtenstein","LIE","Overall",2021-07-27,2021-07-22,0,0,0
"299",5156,133596,113836,"Liechtenstein","LIE","Underlying",2021-07-27,2021-07-22,0,0,0
"300",5170,133610,113850,"Liechtenstein","LIE","Emerging",2021-07-27,2021-07-22,0,0,0
"301",5201,133641,113881,"Sri Lanka","LKA","Overall",2021-07-27,2021-07-22,1.5,1.5,0
"302",5208,133648,113888,"Sri Lanka","LKA","Underlying",2021-07-27,2021-07-22,1,1,0
"303",5222,133662,113902,"Sri Lanka","LKA","Emerging",2021-07-27,2021-07-22,0.5,0.5,0
"304",5253,133693,113933,"Lesotho","LSO","Overall",2021-07-27,2021-07-22,3,3,0
"305",5260,133700,113940,"Lesotho","LSO","Underlying",2021-07-27,2021-07-22,2,2,0
"306",5274,133714,113954,"Lesotho","LSO","Emerging",2021-07-27,2021-07-22,1.5,1.5,0
"307",5305,133745,113985,"Lithuania","LTU","Overall",2021-07-27,2021-07-22,0.5,0.5,0
"308",5312,133752,113992,"Lithuania","LTU","Underlying",2021-07-27,2021-07-22,0,0,0
"309",5326,133766,114006,"Lithuania","LTU","Emerging",2021-07-27,2021-07-22,1.5,1.5,0
"310",5357,133797,114037,"Luxembourg","LUX","Overall",2021-07-27,2021-07-22,1,0.5,0.5
"311",5364,133804,114044,"Luxembourg","LUX","Underlying",2021-07-27,2021-07-22,0,0,0
"312",5378,133818,114058,"Luxembourg","LUX","Emerging",2021-07-27,2021-07-22,2,1.5,0.5
"313",5409,133849,114089,"Latvia","LVA","Overall",2021-07-27,2021-07-22,0.5,0.5,0
"314",5416,133856,114096,"Latvia","LVA","Underlying",2021-07-27,2021-07-22,0,0,0
"315",5430,133870,114110,"Latvia","LVA","Emerging",2021-07-27,2021-07-22,1,1,0
"316",5461,133901,114141,"Morocco","MAR","Overall",2021-07-27,2021-07-22,2,2,0
"317",5468,133908,114148,"Morocco","MAR","Underlying",2021-07-27,2021-07-22,0,0,0
"318",5482,133922,114162,"Morocco","MAR","Emerging",2021-07-27,2021-07-22,3,3,0
"319",5513,133953,114193,"Moldova Republic of","MDA","Overall",2021-07-27,2021-07-22,2,2,0
"320",5520,133960,114200,"Moldova Republic of","MDA","Underlying",2021-07-27,2021-07-22,0,0,0
"321",5534,133974,114214,"Moldova Republic of","MDA","Emerging",2021-07-27,2021-07-22,1.5,1.5,0
"322",5565,134005,114245,"Madagascar","MDG","Overall",2021-07-27,2021-07-22,4.5,4.5,0
"323",5572,134012,114252,"Madagascar","MDG","Underlying",2021-07-27,2021-07-22,3.5,3.5,0
"324",5586,134026,114266,"Madagascar","MDG","Emerging",2021-07-27,2021-07-22,3,3,0
"325",5617,134057,114297,"Maldives","MDV","Overall",2021-07-27,2021-07-22,1,1,0
"326",5624,134064,114304,"Maldives","MDV","Underlying",2021-07-27,2021-07-22,0.5,0.5,0
"327",5638,134078,114318,"Maldives","MDV","Emerging",2021-07-27,2021-07-22,1,1,0
"328",5669,134109,114349,"Mexico","MEX","Overall",2021-07-27,2021-07-22,1,1,0
"329",5676,134116,114356,"Mexico","MEX","Underlying",2021-07-27,2021-07-22,0.5,0.5,0
"330",5690,134130,114370,"Mexico","MEX","Emerging",2021-07-27,2021-07-22,0.5,0.5,0
"331",5721,134161,114401,"Marshall Islands","MHL","Overall",2021-07-27,2021-07-22,0,0,0
"332",5728,134168,114408,"Marshall Islands","MHL","Underlying",2021-07-27,2021-07-22,2.5,2.5,0
"333",5742,134182,114422,"Marshall Islands","MHL","Emerging",2021-07-27,2021-07-22,0,0,0
"334",5773,134213,114453,"North Macedonia","MKD","Overall",2021-07-27,2021-07-22,0.5,0.5,0
"335",5780,134220,114460,"North Macedonia","MKD","Underlying",2021-07-27,2021-07-22,0,0,0
"336",5794,134234,114474,"North Macedonia","MKD","Emerging",2021-07-27,2021-07-22,0,0.5,-0.5
"337",5825,134265,114505,"Mali","MLI","Overall",2021-07-27,2021-07-22,4,4,0
"338",5832,134272,114512,"Mali","MLI","Underlying",2021-07-27,2021-07-22,3,3,0
"339",5846,134286,114526,"Mali","MLI","Emerging",2021-07-27,2021-07-22,3,3,0
"340",5877,134317,114557,"Malta","MLT","Overall",2021-07-27,2021-07-22,1,1,0
"341",5884,134324,114564,"Malta","MLT","Underlying",2021-07-27,2021-07-22,0,0,0
"342",5898,134338,114578,"Malta","MLT","Emerging",2021-07-27,2021-07-22,1,1,0
"343",5929,134369,114609,"Myanmar","MMR","Overall",2021-07-27,2021-07-22,3.5,3.5,0
"344",5936,134376,114616,"Myanmar","MMR","Underlying",2021-07-27,2021-07-22,4,4,0
"345",5950,134390,114630,"Myanmar","MMR","Emerging",2021-07-27,2021-07-22,3,3,0
"346",5981,134421,114661,"Montenegro","MNE","Overall",2021-07-27,2021-07-22,1,0,1
"347",5988,134428,114668,"Montenegro","MNE","Underlying",2021-07-27,2021-07-22,0,0,0
"348",6002,134442,114682,"Montenegro","MNE","Emerging",2021-07-27,2021-07-22,1,0,1
"349",6033,134473,114713,"Mongolia","MNG","Overall",2021-07-27,2021-07-22,1,1,0
"350",6040,134480,114720,"Mongolia","MNG","Underlying",2021-07-27,2021-07-22,0.5,0.5,0
"351",6054,134494,114734,"Mongolia","MNG","Emerging",2021-07-27,2021-07-22,1.5,1.5,0
"352",6085,134525,114765,"Mozambique","MOZ","Overall",2021-07-27,2021-07-22,4.5,4.5,0
"353",6092,134532,114772,"Mozambique","MOZ","Underlying",2021-07-27,2021-07-22,4.5,4.5,0
"354",6106,134546,114786,"Mozambique","MOZ","Emerging",2021-07-27,2021-07-22,3,3.5,-0.5
"355",6137,134577,114817,"Mauritania","MRT","Overall",2021-07-27,2021-07-22,3,3,0
"356",6144,134584,114824,"Mauritania","MRT","Underlying",2021-07-27,2021-07-22,2.5,2.5,0
"357",6158,134598,114838,"Mauritania","MRT","Emerging",2021-07-27,2021-07-22,2,2,0
"358",6189,134629,114869,"Mauritius","MUS","Overall",2021-07-27,2021-07-22,1.5,1.5,0
"359",6196,134636,114876,"Mauritius","MUS","Underlying",2021-07-27,2021-07-22,0.5,0.5,0
"360",6210,134650,114890,"Mauritius","MUS","Emerging",2021-07-27,2021-07-22,2,2,0
"361",6241,134681,114921,"Malawi","MWI","Overall",2021-07-27,2021-07-22,3,3,0
"362",6248,134688,114928,"Malawi","MWI","Underlying",2021-07-27,2021-07-22,2.5,2.5,0
"363",6262,134702,114942,"Malawi","MWI","Emerging",2021-07-27,2021-07-22,2,2,0
"364",6293,134733,114973,"Malaysia","MYS","Overall",2021-07-27,2021-07-22,1,1,0
"365",6300,134740,114980,"Malaysia","MYS","Underlying",2021-07-27,2021-07-22,0,0,0
"366",6314,134754,114994,"Malaysia","MYS","Emerging",2021-07-27,2021-07-22,3,3,0
"367",6345,134785,115025,"Namibia","NAM","Overall",2021-07-27,2021-07-22,2.5,2.5,0
"368",6352,134792,115032,"Namibia","NAM","Underlying",2021-07-27,2021-07-22,1.5,1.5,0
"369",6366,134806,115046,"Namibia","NAM","Emerging",2021-07-27,2021-07-22,2,2,0
"370",6397,134837,115077,"Niger","NER","Overall",2021-07-27,2021-07-22,4,4,0
"371",6404,134844,115084,"Niger","NER","Underlying",2021-07-27,2021-07-22,4,4,0
"372",6418,134858,115098,"Niger","NER","Emerging",2021-07-27,2021-07-22,3,3,0
"373",6449,134889,115129,"Nigeria","NGA","Overall",2021-07-27,2021-07-22,5,5,0
"374",6456,134896,115136,"Nigeria","NGA","Underlying",2021-07-27,2021-07-22,3.5,3.5,0
"375",6470,134910,115150,"Nigeria","NGA","Emerging",2021-07-27,2021-07-22,3.5,3.5,0
"376",6501,134941,115181,"Nicaragua","NIC","Overall",2021-07-27,2021-07-22,2,2,0
"377",6508,134948,115188,"Nicaragua","NIC","Underlying",2021-07-27,2021-07-22,1,1,0
"378",6522,134962,115202,"Nicaragua","NIC","Emerging",2021-07-27,2021-07-22,2,2,0
"379",6553,134993,115233,"Netherlands","NLD","Overall",2021-07-27,2021-07-22,0,0,0
"380",6560,135000,115240,"Netherlands","NLD","Underlying",2021-07-27,2021-07-22,0,0,0
"381",6574,135014,115254,"Netherlands","NLD","Emerging",2021-07-27,2021-07-22,2,2,0
"382",6605,135045,115285,"Norway","NOR","Overall",2021-07-27,2021-07-22,0,0,0
"383",6612,135052,115292,"Norway","NOR","Underlying",2021-07-27,2021-07-22,0,0,0
"384",6626,135066,115306,"Norway","NOR","Emerging",2021-07-27,2021-07-22,0,0,0
"385",6657,135097,115337,"Nepal","NPL","Overall",2021-07-27,2021-07-22,1.5,1.5,0
"386",6664,135104,115344,"Nepal","NPL","Underlying",2021-07-27,2021-07-22,2,2,0
"387",6678,135118,115358,"Nepal","NPL","Emerging",2021-07-27,2021-07-22,0.5,0.5,0
"388",6709,135149,115389,"Nauru","NRU","Overall",2021-07-27,2021-07-22,0,0,0
"389",6716,135156,115396,"Nauru","NRU","Underlying",2021-07-27,2021-07-22,0.5,0.5,0
"390",6730,135170,115410,"Nauru","NRU","Emerging",2021-07-27,2021-07-22,0,0,0
"391",6761,135201,115441,"New Zealand","NZL","Overall",2021-07-27,2021-07-22,0,0,0
"392",6768,135208,115448,"New Zealand","NZL","Underlying",2021-07-27,2021-07-22,0,0,0
"393",6782,135222,115462,"New Zealand","NZL","Emerging",2021-07-27,2021-07-22,0,0,0
"394",6813,135253,115493,"Oman","OMN","Overall",2021-07-27,2021-07-22,1.5,0.5,1
"395",6820,135260,115500,"Oman","OMN","Underlying",2021-07-27,2021-07-22,0,0,0
"396",6834,135274,115514,"Oman","OMN","Emerging",2021-07-27,2021-07-22,2,1,1
"397",6865,135305,115545,"Pakistan","PAK","Overall",2021-07-27,2021-07-22,4,4,0
"398",6872,135312,115552,"Pakistan","PAK","Underlying",2021-07-27,2021-07-22,2.5,2.5,0
"399",6886,135326,115566,"Pakistan","PAK","Emerging",2021-07-27,2021-07-22,2,2,0
"400",6917,135357,115597,"Panama","PAN","Overall",2021-07-27,2021-07-22,1.5,1,0.5
"401",6924,135364,115604,"Panama","PAN","Underlying",2021-07-27,2021-07-22,0.5,0.5,0
"402",6938,135378,115618,"Panama","PAN","Emerging",2021-07-27,2021-07-22,1.5,1.5,0
"403",6969,135409,115649,"Peru","PER","Overall",2021-07-27,2021-07-22,1,1,0
"404",6976,135416,115656,"Peru","PER","Underlying",2021-07-27,2021-07-22,1,1,0
"405",6990,135430,115670,"Peru","PER","Emerging",2021-07-27,2021-07-22,3.5,3.5,0
"406",7021,135461,115701,"Philippines","PHL","Overall",2021-07-27,2021-07-22,1.5,1.5,0
"407",7028,135468,115708,"Philippines","PHL","Underlying",2021-07-27,2021-07-22,1.5,1.5,0
"408",7042,135482,115722,"Philippines","PHL","Emerging",2021-07-27,2021-07-22,1,1,0
"409",7073,135513,115753,"Palau","PLW","Overall",2021-07-27,2021-07-22,0,0,0
"410",7080,135520,115760,"Palau","PLW","Underlying",2021-07-27,2021-07-22,0.5,0.5,0
"411",7094,135534,115774,"Palau","PLW","Emerging",2021-07-27,2021-07-22,0,0,0
"412",7125,135565,115805,"Papua New Guinea","PNG","Overall",2021-07-27,2021-07-22,4,4,0
"413",7132,135572,115812,"Papua New Guinea","PNG","Underlying",2021-07-27,2021-07-22,3.5,3.5,0
"414",7146,135586,115826,"Papua New Guinea","PNG","Emerging",2021-07-27,2021-07-22,2.5,3,-0.5
"415",7177,135617,115857,"Poland","POL","Overall",2021-07-27,2021-07-22,0.5,0.5,0
"416",7184,135624,115864,"Poland","POL","Underlying",2021-07-27,2021-07-22,0,0,0
"417",7198,135638,115878,"Poland","POL","Emerging",2021-07-27,2021-07-22,1.5,1.5,0
"418",7229,135669,115909,"Korea DPR","PRK","Overall",2021-07-27,2021-07-22,1,1,0
"419",7236,135676,115916,"Korea DPR","PRK","Underlying",2021-07-27,2021-07-22,2.5,2.5,0
"420",7250,135690,115930,"Korea DPR","PRK","Emerging",2021-07-27,2021-07-22,1,1,0
"421",7281,135721,115961,"Portugal","PRT","Overall",2021-07-27,2021-07-22,0.5,0.5,0
"422",7288,135728,115968,"Portugal","PRT","Underlying",2021-07-27,2021-07-22,0,0,0
"423",7302,135742,115982,"Portugal","PRT","Emerging",2021-07-27,2021-07-22,2.5,2.5,0
"424",7333,135773,116013,"Paraguay","PRY","Overall",2021-07-27,2021-07-22,1.5,1.5,0
"425",7340,135780,116020,"Paraguay","PRY","Underlying",2021-07-27,2021-07-22,0,0,0
"426",7354,135794,116034,"Paraguay","PRY","Emerging",2021-07-27,2021-07-22,1.5,1.5,0
"427",7385,135825,116065,"Qatar","QAT","Overall",2021-07-27,2021-07-22,0.5,0.5,0
"428",7392,135832,116072,"Qatar","QAT","Underlying",2021-07-27,2021-07-22,0,0,0
"429",7406,135846,116086,"Qatar","QAT","Emerging",2021-07-27,2021-07-22,1.5,1.5,0
"430",7437,135877,116117,"Romania","ROU","Overall",2021-07-27,2021-07-22,0.5,0.5,0
"431",7444,135884,116124,"Romania","ROU","Underlying",2021-07-27,2021-07-22,0,0,0
"432",7458,135898,116138,"Romania","ROU","Emerging",2021-07-27,2021-07-22,0.5,0.5,0
"433",7489,135929,116169,"Russian Federation","RUS","Overall",2021-07-27,2021-07-22,1.5,1.5,0
"434",7496,135936,116176,"Russian Federation","RUS","Underlying",2021-07-27,2021-07-22,0.5,0.5,0
"435",7510,135950,116190,"Russian Federation","RUS","Emerging",2021-07-27,2021-07-22,1.5,1.5,0
"436",7541,135981,116221,"Rwanda","RWA","Overall",2021-07-27,2021-07-22,1.5,1.5,0
"437",7548,135988,116228,"Rwanda","RWA","Underlying",2021-07-27,2021-07-22,1.5,1.5,0
"438",7562,136002,116242,"Rwanda","RWA","Emerging",2021-07-27,2021-07-22,0.5,0.5,0
"439",7593,136033,116273,"Saudi Arabia","SAU","Overall",2021-07-27,2021-07-22,0.5,0.5,0
"440",7600,136040,116280,"Saudi Arabia","SAU","Underlying",2021-07-27,2021-07-22,0,0,0
"441",7614,136054,116294,"Saudi Arabia","SAU","Emerging",2021-07-27,2021-07-22,1.5,1.5,0
"442",7645,136085,116325,"Sudan","SDN","Overall",2021-07-27,2021-07-22,4.5,4.5,0
"443",7652,136092,116332,"Sudan","SDN","Underlying",2021-07-27,2021-07-22,4,4,0
"444",7666,136106,116346,"Sudan","SDN","Emerging",2021-07-27,2021-07-22,4,3.5,0.5
"445",7697,136137,116377,"Senegal","SEN","Overall",2021-07-27,2021-07-22,2,2,0
"446",7704,136144,116384,"Senegal","SEN","Underlying",2021-07-27,2021-07-22,1.5,1.5,0
"447",7718,136158,116398,"Senegal","SEN","Emerging",2021-07-27,2021-07-22,2.5,2.5,0
"448",7749,136189,116429,"Singapore","SGP","Overall",2021-07-27,2021-07-22,0,0,0
"449",7756,136196,116436,"Singapore","SGP","Underlying",2021-07-27,2021-07-22,0,0,0
"450",7770,136210,116450,"Singapore","SGP","Emerging",2021-07-27,2021-07-22,1,2,-1
"451",7801,136241,116481,"Solomon Islands","SLB","Overall",2021-07-27,2021-07-22,2,2,0
"452",7808,136248,116488,"Solomon Islands","SLB","Underlying",2021-07-27,2021-07-22,3,3,0
"453",7822,136262,116502,"Solomon Islands","SLB","Emerging",2021-07-27,2021-07-22,1,1,0
"454",7853,136293,116533,"Sierra Leone","SLE","Overall",2021-07-27,2021-07-22,3,3,0
"455",7860,136300,116540,"Sierra Leone","SLE","Underlying",2021-07-27,2021-07-22,2.5,2.5,0
"456",7874,136314,116554,"Sierra Leone","SLE","Emerging",2021-07-27,2021-07-22,2,2,0
"457",7905,136345,116585,"El Salvador","SLV","Overall",2021-07-27,2021-07-22,2,2,0
"458",7912,136352,116592,"El Salvador","SLV","Underlying",2021-07-27,2021-07-22,0.5,0.5,0
"459",7926,136366,116606,"El Salvador","SLV","Emerging",2021-07-27,2021-07-22,2,2,0
"460",7957,136397,116637,"Somalia","SOM","Overall",2021-07-27,2021-07-22,5,5,0
"461",7964,136404,116644,"Somalia","SOM","Underlying",2021-07-27,2021-07-22,4,4,0
"462",7978,136418,116658,"Somalia","SOM","Emerging",2021-07-27,2021-07-22,5,4.5,0.5
"463",8009,136449,116689,"Serbia","SRB","Overall",2021-07-27,2021-07-22,0.5,0.5,0
"464",8016,136456,116696,"Serbia","SRB","Underlying",2021-07-27,2021-07-22,0,0,0
"465",8030,136470,116710,"Serbia","SRB","Emerging",2021-07-27,2021-07-22,2,2,0
"466",8061,136501,116741,"South Sudan","SSD","Overall",2021-07-27,2021-07-22,4,4,0
"467",8068,136508,116748,"South Sudan","SSD","Underlying",2021-07-27,2021-07-22,4,4,0
"468",8082,136522,116762,"South Sudan","SSD","Emerging",2021-07-27,2021-07-22,3.5,3.5,0
"469",8113,136553,116793,"Sao Tome and Principe","STP","Overall",2021-07-27,2021-07-22,1.5,1.5,0
"470",8120,136560,116800,"Sao Tome and Principe","STP","Underlying",2021-07-27,2021-07-22,2,2,0
"471",8134,136574,116814,"Sao Tome and Principe","STP","Emerging",2021-07-27,2021-07-22,1,1,0
"472",8165,136605,116845,"Suriname","SUR","Overall",2021-07-27,2021-07-22,1.5,1.5,0
"473",8172,136612,116852,"Suriname","SUR","Underlying",2021-07-27,2021-07-22,0.5,0.5,0
"474",8186,136626,116866,"Suriname","SUR","Emerging",2021-07-27,2021-07-22,1,1.5,-0.5
"475",8217,136657,116897,"Slovakia","SVK","Overall",2021-07-27,2021-07-22,0.5,0.5,0
"476",8224,136664,116904,"Slovakia","SVK","Underlying",2021-07-27,2021-07-22,0,0,0
"477",8238,136678,116918,"Slovakia","SVK","Emerging",2021-07-27,2021-07-22,1,1,0
"478",8269,136709,116949,"Slovenia","SVN","Overall",2021-07-27,2021-07-22,0.5,0.5,0
"479",8276,136716,116956,"Slovenia","SVN","Underlying",2021-07-27,2021-07-22,0,0,0
"480",8290,136730,116970,"Slovenia","SVN","Emerging",2021-07-27,2021-07-22,1.5,1.5,0
"481",8321,136761,117001,"Sweden","SWE","Overall",2021-07-27,2021-07-22,0,0,0
"482",8328,136768,117008,"Sweden","SWE","Underlying",2021-07-27,2021-07-22,0,0,0
"483",8342,136782,117022,"Sweden","SWE","Emerging",2021-07-27,2021-07-22,0.5,0.5,0
"484",8373,136813,117053,"Eswatini","SWZ","Overall",2021-07-27,2021-07-22,2,2,0
"485",8380,136820,117060,"Eswatini","SWZ","Underlying",2021-07-27,2021-07-22,1.5,1.5,0
"486",8394,136834,117074,"Eswatini","SWZ","Emerging",2021-07-27,2021-07-22,2.5,2.5,0
"487",8425,136865,117105,"Seychelles","SYC","Overall",2021-07-27,2021-07-22,1.5,1.5,0
"488",8432,136872,117112,"Seychelles","SYC","Underlying",2021-07-27,2021-07-22,0.5,0.5,0
"489",8446,136886,117126,"Seychelles","SYC","Emerging",2021-07-27,2021-07-22,1.5,1.5,0
"490",8477,136917,117157,"Syria","SYR","Overall",2021-07-27,2021-07-22,5,5,0
"491",8484,136924,117164,"Syria","SYR","Underlying",2021-07-27,2021-07-22,3.5,3.5,0
"492",8498,136938,117178,"Syria","SYR","Emerging",2021-07-27,2021-07-22,3,3,0
"493",8529,136969,117209,"Chad","TCD","Overall",2021-07-27,2021-07-22,4.5,4.5,0
"494",8536,136976,117216,"Chad","TCD","Underlying",2021-07-27,2021-07-22,4,4,0
"495",8550,136990,117230,"Chad","TCD","Emerging",2021-07-27,2021-07-22,3,3,0
"496",8581,137021,117261,"Togo","TGO","Overall",2021-07-27,2021-07-22,1.5,1.5,0
"497",8588,137028,117268,"Togo","TGO","Underlying",2021-07-27,2021-07-22,1.5,1.5,0
"498",8602,137042,117282,"Togo","TGO","Emerging",2021-07-27,2021-07-22,1,1,0
"499",8633,137073,117313,"Thailand","THA","Overall",2021-07-27,2021-07-22,0.5,0.5,0
"500",8640,137080,117320,"Thailand","THA","Underlying",2021-07-27,2021-07-22,0.5,0.5,0
"501",8654,137094,117334,"Thailand","THA","Emerging",2021-07-27,2021-07-22,0.5,0,0.5
"502",8685,137125,117365,"Tajikistan","TJK","Overall",2021-07-27,2021-07-22,3,3,0
"503",8692,137132,117372,"Tajikistan","TJK","Underlying",2021-07-27,2021-07-22,2,2,0
"504",8706,137146,117386,"Tajikistan","TJK","Emerging",2021-07-27,2021-07-22,1.5,2,-0.5
"505",8737,137177,117417,"Turkmenistan","TKM","Overall",2021-07-27,2021-07-22,1,1,0
"506",8744,137184,117424,"Turkmenistan","TKM","Underlying",2021-07-27,2021-07-22,1.5,1.5,0
"507",8758,137198,117438,"Turkmenistan","TKM","Emerging",2021-07-27,2021-07-22,1,1,0
"508",8789,137229,117469,"Timor-Leste","TLS","Overall",2021-07-27,2021-07-22,1.5,1.5,0
"509",8796,137236,117476,"Timor-Leste","TLS","Underlying",2021-07-27,2021-07-22,2.5,2.5,0
"510",8810,137250,117490,"Timor-Leste","TLS","Emerging",2021-07-27,2021-07-22,0.5,0.5,0
"511",8841,137281,117521,"Tonga","TON","Overall",2021-07-27,2021-07-22,3,3,0
"512",8848,137288,117528,"Tonga","TON","Underlying",2021-07-27,2021-07-22,1.5,1.5,0
"513",8862,137302,117542,"Tonga","TON","Emerging",2021-07-27,2021-07-22,1.5,1.5,0
"514",8893,137333,117573,"Trinidad and Tobago","TTO","Overall",2021-07-27,2021-07-22,1,1,0
"515",8900,137340,117580,"Trinidad and Tobago","TTO","Underlying",2021-07-27,2021-07-22,0,0,0
"516",8914,137354,117594,"Trinidad and Tobago","TTO","Emerging",2021-07-27,2021-07-22,0.5,0.5,0
"517",8945,137385,117625,"Tunisia","TUN","Overall",2021-07-27,2021-07-22,2.5,2.5,0
"518",8952,137392,117632,"Tunisia","TUN","Underlying",2021-07-27,2021-07-22,0.5,0.5,0
"519",8966,137406,117646,"Tunisia","TUN","Emerging",2021-07-27,2021-07-22,3.5,3.5,0
"520",8997,137437,117677,"Turkey","TUR","Overall",2021-07-27,2021-07-22,1.5,1,0.5
"521",9004,137444,117684,"Turkey","TUR","Underlying",2021-07-27,2021-07-22,0.5,0.5,0
"522",9018,137458,117698,"Turkey","TUR","Emerging",2021-07-27,2021-07-22,0.5,0.5,0
"523",9049,137489,117729,"Tuvalu","TUV","Overall",2021-07-27,2021-07-22,0.5,0.5,0
"524",9056,137496,117736,"Tuvalu","TUV","Underlying",2021-07-27,2021-07-22,2,2,0
"525",9070,137510,117750,"Tuvalu","TUV","Emerging",2021-07-27,2021-07-22,1,1,0
"526",9101,137541,117781,"Tanzania","TZA","Overall",2021-07-27,2021-07-22,2.5,2.5,0
"527",9108,137548,117788,"Tanzania","TZA","Underlying",2021-07-27,2021-07-22,1.5,1.5,0
"528",9122,137562,117802,"Tanzania","TZA","Emerging",2021-07-27,2021-07-22,1,1,0
"529",9153,137593,117833,"Uganda","UGA","Overall",2021-07-27,2021-07-22,2.5,2.5,0
"530",9160,137600,117840,"Uganda","UGA","Underlying",2021-07-27,2021-07-22,3,3,0
"531",9174,137614,117854,"Uganda","UGA","Emerging",2021-07-27,2021-07-22,2,2,0
"532",9205,137645,117885,"Ukraine","UKR","Overall",2021-07-27,2021-07-22,1.5,1.5,0
"533",9212,137652,117892,"Ukraine","UKR","Underlying",2021-07-27,2021-07-22,0.5,0.5,0
"534",9226,137666,117906,"Ukraine","UKR","Emerging",2021-07-27,2021-07-22,1,1,0
"535",9257,137697,117937,"Uruguay","URY","Overall",2021-07-27,2021-07-22,0.5,0.5,0
"536",9264,137704,117944,"Uruguay","URY","Underlying",2021-07-27,2021-07-22,0,0,0
"537",9278,137718,117958,"Uruguay","URY","Emerging",2021-07-27,2021-07-22,1,1,0
"538",9309,137749,117989,"United States of America","USA","Overall",2021-07-27,2021-07-22,1,1,0
"539",9316,137756,117996,"United States of America","USA","Underlying",2021-07-27,2021-07-22,0.5,0.5,0
"540",9330,137770,118010,"United States of America","USA","Emerging",2021-07-27,2021-07-22,3,3,0
"541",9361,137801,118041,"Uzbekistan","UZB","Overall",2021-07-27,2021-07-22,3,3,0
"542",9368,137808,118048,"Uzbekistan","UZB","Underlying",2021-07-27,2021-07-22,2,2,0
"543",9382,137822,118062,"Uzbekistan","UZB","Emerging",2021-07-27,2021-07-22,1,1,0
"544",9413,137853,118093,"Saint Vincent and the Grenadines","VCT","Overall",2021-07-27,2021-07-22,0,0,0
"545",9420,137860,118100,"Saint Vincent and the Grenadines","VCT","Underlying",2021-07-27,2021-07-22,0.5,0.5,0
"546",9434,137874,118114,"Saint Vincent and the Grenadines","VCT","Emerging",2021-07-27,2021-07-22,0,0,0
"547",9465,137905,118145,"Venezuela","VEN","Overall",2021-07-27,2021-07-22,4,4,0
"548",9472,137912,118152,"Venezuela","VEN","Underlying",2021-07-27,2021-07-22,3,3,0
"549",9486,137926,118166,"Venezuela","VEN","Emerging",2021-07-27,2021-07-22,2,2,0
"550",9517,137957,118197,"Viet Nam","VNM","Overall",2021-07-27,2021-07-22,1,1,0
"551",9524,137964,118204,"Viet Nam","VNM","Underlying",2021-07-27,2021-07-22,1,1,0
"552",9538,137978,118218,"Viet Nam","VNM","Emerging",2021-07-27,2021-07-22,1,1,0
"553",9569,138009,118249,"Vanuatu","VUT","Overall",2021-07-27,2021-07-22,2,2,0
"554",9576,138016,118256,"Vanuatu","VUT","Underlying",2021-07-27,2021-07-22,2,2,0
"555",9590,138030,118270,"Vanuatu","VUT","Emerging",2021-07-27,2021-07-22,1,1,0
"556",9621,138061,118301,"Samoa","WSM","Overall",2021-07-27,2021-07-22,0,0,0
"557",9628,138068,118308,"Samoa","WSM","Underlying",2021-07-27,2021-07-22,1,1,0
"558",9642,138082,118322,"Samoa","WSM","Emerging",2021-07-27,2021-07-22,0,0,0
"559",9673,138113,118353,"Yemen","YEM","Overall",2021-07-27,2021-07-22,3,3,0
"560",9680,138120,118360,"Yemen","YEM","Underlying",2021-07-27,2021-07-22,4,4,0
"561",9694,138134,118374,"Yemen","YEM","Emerging",2021-07-27,2021-07-22,3,3.5,-0.5
"562",9725,138165,118405,"South Africa","ZAF","Overall",2021-07-27,2021-07-22,2.5,2.5,0
"563",9732,138172,118412,"South Africa","ZAF","Underlying",2021-07-27,2021-07-22,0,0,0
"564",9746,138186,118426,"South Africa","ZAF","Emerging",2021-07-27,2021-07-22,3.5,3.5,0
"565",9777,138217,118457,"Zambia","ZMB","Overall",2021-07-27,2021-07-22,3.5,3.5,0
"566",9784,138224,118464,"Zambia","ZMB","Underlying",2021-07-27,2021-07-22,2.5,2.5,0
"567",9798,138238,118478,"Zambia","ZMB","Emerging",2021-07-27,2021-07-22,2.5,2.5,0
"568",9829,138269,118509,"Zimbabwe","ZWE","Overall",2021-07-27,2021-07-22,5,5,0
"569",9836,138276,118516,"Zimbabwe","ZWE","Underlying",2021-07-27,2021-07-22,4,4,0
"570",9850,138290,118530,"Zimbabwe","ZWE","Emerging",2021-07-27,2021-07-22,3.5,4,-0.5
